epoch,train_loss,val_dice
1,1.3647973494870322,0.3582539080810289
2,1.0974169969558716,0.37068728441513366
3,0.9371597798807281,0.44760444673845773
4,0.8385434054902622,0.49680822193201446
5,0.7801499675427165,0.508885144261301
6,0.7494694915200982,0.5518421452559782
7,0.715274132255997,0.5507308988581813
8,0.6837086528539658,0.5529686361082555
9,0.6702175406473023,0.5839564984262987
10,0.653752767613956,0.5367470826464379
11,0.6439025513827801,0.5987546801004603
12,0.6074543962521213,0.6404795725854221
13,0.5969367410455432,0.6381764363506516
14,0.5892917732042926,0.6290676474938494
15,0.5670725144445896,0.6204500050792462
16,0.5686940125056675,0.6597773342166845
17,0.5531911253929138,0.6504949151224088
18,0.5217800912048135,0.6442060467276596
19,0.544743254248585,0.5833573639118717
20,0.4981264977582863,0.6910009974152792
21,0.514553584956697,0.6710019949292079
22,0.48343101276883055,0.6753340136454947
23,0.48816316282110556,0.6614747858608471
24,0.45816585794091225,0.6979586259349523
25,0.4566704162529537,0.6882862805956453
26,0.4426715307469879,0.6937368998060517
27,0.4571470996098859,0.69756314366168
28,0.4264209914420332,0.6972952527494362
29,0.4096399452537298,0.7252953272106997
30,0.404652959268008,0.6933320567057366
31,0.3914016450622252,0.698120427785923
32,0.39183226147932665,0.7114061032813348
33,0.3812915049493313,0.704250744050982
34,0.3670209268374102,0.7138091358794251
35,0.35337834618985653,0.709213811513241
36,0.33640218366469654,0.7139222014885955
37,0.34004837168114527,0.7205934298719641
38,0.34043577073940207,0.7161899723019979
39,0.33221098727413584,0.7247676173466047
40,0.319209294925843,0.7307905235820304
41,0.3128840063831636,0.7264916927655365
42,0.2990881715502058,0.7382750864828311
43,0.28687372005411554,0.7312948079688983
44,0.28238969083343235,0.73156578769852
45,0.2712839064853532,0.7354650374114017
46,0.2731667714459555,0.7345682383700624
47,0.26499388952340397,0.7348492720874057
48,0.25257190662835327,0.7367064785317364
49,0.25405895949474405,0.742081515094712
50,0.25761716599975315,0.7355823468059882
51,0.2552846074104309,0.7428883445545702
52,0.23611549993178674,0.7429782788722845
53,0.23883655960006372,0.7403327083366237
54,0.24648571426847152,0.7458742558506762
55,0.23403385587568795,0.7462922242022472
56,0.23584284181041376,0.7394981172945875
57,0.23163820856383868,0.743888037526442
58,0.23656189375157868,0.7457235008922642
59,0.23577551463884966,0.7462910054815717
60,0.23727617306368692,0.7474382096777876
